Organization,ID_CDC,Administration,Tested_Grade,STAAR_Math_Tests_Taken,STAAR_Math_Avg_Scale_Score,STAAR_Math_Did_Not_Meet_Count,STAAR_Math_Did_Not_Meet_Pct,STAAR_Math_Approaches_Above_Count,STAAR_Math_Approaches_Above_Pct,STAAR_Math_Meets_Above_Count,STAAR_Math_Meets_Above_Pct,STAAR_Math_Masters_Count,STAAR_Math_Masters_Pct,STAAR_Spanish_Math_Tests_Taken,STAAR_Spanish_Math_Avg_Scale_Score,STAAR_Spanish_Math_Did_Not_Meet_Count,STAAR_Spanish_Math_Did_Not_Meet_Pct,STAAR_Spanish_Math_Approaches_Above_Count,STAAR_Spanish_Math_Approaches_Above_Pct,STAAR_Spanish_Math_Meets_Above_Count,STAAR_Spanish_Math_Meets_Above_Pct,STAAR_Spanish_Math_Masters_Count,STAAR_Spanish_Math_Masters_Pct,STAAR_Reading_Tests_Taken,STAAR_Reading_Avg_Scale_Score,STAAR_Reading_Did_Not_Meet_Count,STAAR_Reading_Did_Not_Meet_Pct,STAAR_Reading_Approaches_Above_Count,STAAR_Reading_Approaches_Above_Pct,STAAR_Reading_Meets_Above_Count,STAAR_Reading_Meets_Above_Pct,STAAR_Reading_Masters_Count,STAAR_Reading_Masters_Pct,STAAR_Spanish_Reading_Tests_Taken,STAAR_Spanish_Reading_Avg_Scale_Score,STAAR_Spanish_Reading_Did_Not_Meet_Count,STAAR_Spanish_Reading_Did_Not_Meet_Pct,STAAR_Spanish_Reading_Approaches_Above_Count,STAAR_Spanish_Reading_Approaches_Above_Pct,STAAR_Spanish_Reading_Meets_Above_Count,STAAR_Spanish_Reading_Meets_Above_Pct,STAAR_Spanish_Reading_Masters_Count,STAAR_Spanish_Reading_Masters_Pct
REG 01 EDUCATION SERVICE CENTER,1,Spring 2025,3,29277,1448,9270,32,20007,68,12204,42,4686,16,893,1375,435,49,458,51,189,21,53,6,28088,1468,6732,24,21356,76,14001,50,6193,22,2088,S-1328,1023,49,1065,51,455,22,215,10
REG 01 EDUCATION SERVICE CENTER,1,Spring 2025,4,29864,1569,8789,29,21075,71,14247,48,7061,24,782,1484,393,50,389,50,192,25,70,9,28818,1560,5260,18,23558,82,16031,56,7489,26,1827,S-1422,841,46,986,54,650,36,256,14
REG 01 EDUCATION SERVICE CENTER,1,Spring 2025,5,29957,1644,7335,24,22622,76,14233,48,6354,21,707,1545,343,49,364,51,151,21,51,7,29138,1614,6564,23,22574,77,17172,59,9195,32,1534,S-1501,493,32,1041,68,576,38,212,14
REG 01 EDUCATION SERVICE CENTER,1,Spring 2025,6,30776,1704,9061,29,21715,71,10343,34,3525,11,,,,,,,,,,,30942,1639,8302,27,22640,73,16079,52,7961,26,,,,,,,,,,
REG 01 EDUCATION SERVICE CENTER,1,Spring 2025,7,28713,1757,13052,45,15661,55,9460,33,3111,11,,,,,,,,,,,31686,1662,8541,27,23145,73,16226,51,8173,26,,,,,,,,,,
REG 01 EDUCATION SERVICE CENTER,1,Spring 2025,8,23193,1867,6367,27,16826,73,11326,49,4058,17,,,,,,,,,,,30526,1711,6354,21,24172,79,16772,55,8387,27,,,,,,,,,,
REG 01 EDUCATION SERVICE CENTER,1,Spring 2024,3,29508,1441,9287,31,20221,69,11098,38,3607,12,977,1366,525,54,452,46,166,17,28,3,28125,1464,7001,25,21124,75,13894,49,6083,22,2362,S-1315,1250,53,1112,47,440,19,224,9
REG 01 EDUCATION SERVICE CENTER,1,Spring 2024,4,29694,1563,8605,29,21089,71,13837,47,6085,20,760,1468,417,55,343,45,159,21,37,5,28521,1560,5218,18,23303,82,15039,53,7080,25,1930,S-1439,851,44,1079,56,731,38,356,18
REG 01 EDUCATION SERVICE CENTER,1,Spring 2024,5,29670,1639,6192,21,23478,79,14773,50,4925,17,753,1553,334,44,419,56,198,26,42,6,28711,1605,6126,21,22585,79,15560,54,8210,29,1719,S-1491,555,32,1164,68,610,35,180,10
REG 01 EDUCATION SERVICE CENTER,1,Spring 2024,6,30846,1703,9708,31,21138,69,10576,34,2935,10,,,,,,,,,,,31280,1633,8666,28,22614,72,16422,53,7032,22,,,,,,,,,,
REG 01 EDUCATION SERVICE CENTER,1,Spring 2024,7,30146,1759,13285,44,16861,56,10054,33,3082,10,,,,,,,,,,,32044,1661,9107,28,22937,72,16283,51,8210,26,,,,,,,,,,
REG 01 EDUCATION SERVICE CENTER,1,Spring 2024,8,22634,1864,5404,24,17230,76,10627,47,3420,15,,,,,,,,,,,30506,1703,6717,22,23789,78,15763,52,7421,24,,,,,,,,,,
REG 01 EDUCATION SERVICE CENTER,1,Spring 2023,3,29371,1448,8097,28,21274,72,12321,42,4611,16,669,1387,293,44,376,56,161,24,35,5,27755,1457,6817,25,20938,75,13610,49,5820,21,2308,S-1344,1045,45,1263,55,649,28,375,16
REG 01 EDUCATION SERVICE CENTER,1,Spring 2023,4,28958,1557,8284,29,20674,71,13783,48,5976,21,694,1479,345,50,349,50,177,26,44,6,27511,1533,6209,23,21302,77,12708,46,5751,21,2138,S-1427,954,45,1184,55,783,37,406,19
REG 01 EDUCATION SERVICE CENTER,1,Spring 2023,5,29184,1645,5156,18,24028,82,15208,52,5477,19,587,1565,219,37,368,63,171,29,36,6,28003,1606,5289,19,22714,81,15909,57,8188,29,1790,S-1474,692,39,1098,61,583,33,249,14
REG 01 EDUCATION SERVICE CENTER,1,Spring 2023,6,30855,1698,8911,29,21944,71,10061,33,3200,10,,,,,,,,,,,31362,1623,8360,27,23002,73,15038,48,5898,19,,,,,,,,,,
REG 01 EDUCATION SERVICE CENTER,1,Spring 2023,7,30519,1756,12546,41,17973,59,10164,33,2973,10,,,,,,,,,,,31693,1666,7500,24,24193,76,16459,52,8079,25,,,,,,,,,,
REG 01 EDUCATION SERVICE CENTER,1,Spring 2023,8,23652,1853,5684,24,17968,76,10592,45,3205,14,,,,,,,,,,,31620,1708,5546,18,26074,82,17464,55,7495,24,,,,,,,,,,
REG 01 EDUCATION SERVICE CENTER,1,Spring 2022,3,28345,1428,8889,31,19456,69,11110,39,4987,18,608,1356,309,51,299,49,121,20,44,7,26526,1448,6355,24,20171,76,12949,49,7065,27,2433,S-1338,1123,46,1310,54,564,23,316,13
REG 01 EDUCATION SERVICE CENTER,1,Spring 2022,4,28341,1541,8682,31,19659,69,11549,41,5876,21,553,1445,335,61,218,39,73,13,29,5,26730,1537,6001,22,20729,78,13881,52,6893,26,2156,S-1413,1172,54,984,46,536,25,265,12
REG 01 EDUCATION SERVICE CENTER,1,Spring 2022,5,28374,1614,6280,22,22094,78,13524,48,6577,23,550,1515,261,47,289,53,98,18,33,6,26934,1603,5024,19,21910,81,15451,57,9493,35,1991,S-1509,727,37,1264,63,636,32,247,12
REG 01 EDUCATION SERVICE CENTER,1,Spring 2022,6,30142,1597,9825,33,20317,67,9233,31,3191,11,,,,,,,,,,,30505,1577,10296,34,20209,66,11454,38,5847,19,,,,,,,,,,
REG 01 EDUCATION SERVICE CENTER,1,Spring 2022,7,31206,1625,12649,41,18557,59,8997,29,3654,12,,,,,,,,,,,32474,1673,7307,23,25167,77,16697,51,10692,33,,,,,,,,,,
REG 01 EDUCATION SERVICE CENTER,1,Spring 2022,8,23061,1673,6847,30,16214,70,8900,39,3090,13,,,,,,,,,,,31215,1706,5848,19,25367,81,17215,55,10770,35,,,,,,,,,,
REG 01 EDUCATION SERVICE CENTER,1,Spring 2021,3,21391,1344,12067,56,9324,44,3318,16,1243,6,337,1272,272,81,65,19,10,3,1,0,19719,1373,8432,43,11287,57,5132,26,2082,11,1898,S-1308,1120,59,778,41,302,16,184,10
REG 01 EDUCATION SERVICE CENTER,1,Spring 2021,4,20662,1463,11863,57,8799,43,4123,20,2062,10,223,1401,172,77,51,23,13,6,7,3,19099,1456,8424,44,10675,56,5300,28,2178,11,1663,S-1388,1045,63,618,37,288,17,143,9
REG 01 EDUCATION SERVICE CENTER,1,Spring 2021,6,22261,1555,10586,48,11675,52,4156,19,1176,5,,,,,,,,,,,22164,1532,10151,46,12013,54,5112,23,1992,9,,,,,,,,,,
REG 01 EDUCATION SERVICE CENTER,1,Spring 2021,7,19946,1582,11383,57,8563,43,3320,17,1163,6,,,,,,,,,,,21397,1607,7986,37,13411,63,7918,37,4079,19,,,,,,,,,,
REG 01 EDUCATION SERVICE CENTER,1,Spring 2019,3,28660,1488,5121,18,23539,82,14759,51,7190,25,450,1395,194,43,256,57,117,26,45,10,26173,1451,5638,22,20535,78,11580,44,6959,27,2927,S-1417,815,28,2112,72,1213,41,659,23
REG 01 EDUCATION SERVICE CENTER,1,Spring 2019,4,30098,1587,5991,20,24107,80,14844,49,8175,27,472,1509,197,42,275,58,134,28,55,12,27745,1536,5536,20,22209,80,13077,47,6349,23,2811,S-1477,988,35,1823,65,934,33,414,15
REG 01 EDUCATION SERVICE CENTER,1,Spring 2019,6,30632,1636,6291,21,24341,79,12980,42,4848,16,,,,,,,,,,,31880,1559,11813,37,20067,63,9866,31,4367,14,,,,,,,,,,
REG 01 EDUCATION SERVICE CENTER,1,Spring 2019,7,30723,1670,7427,24,23296,76,13451,44,5259,17,,,,,,,,,,,31447,1640,8841,28,22606,72,13654,43,7651,24,,,,,,,,,,
REG 01 EDUCATION SERVICE CENTER,1,Spring 2018,3,30406,1483,5602,18,24804,82,14963,49,7066,23,447,1425,150,34,297,66,145,32,50,11,27633,1439,6178,22,21455,78,11026,40,6016,22,3210,S-1410,850,26,2360,74,1361,42,725,23
REG 01 EDUCATION SERVICE CENTER,1,Spring 2018,4,30175,1580,5404,18,24771,82,15339,51,8184,27,453,1499,191,42,262,58,128,28,54,12,27964,1521,7302,26,20662,74,12489,45,6332,23,2651,S-1476,889,34,1762,66,906,34,405,15
REG 01 EDUCATION SERVICE CENTER,1,Spring 2018,6,30260,1629,7507,25,22753,75,11829,39,4353,14,,,,,,,,,,,30961,1559,11798,38,19163,62,9455,31,4170,13,,,,,,,,,,
REG 01 EDUCATION SERVICE CENTER,1,Spring 2018,7,30156,1661,8387,28,21769,72,11708,39,5107,17,,,,,,,,,,,31484,1638,9943,32,21541,68,12834,41,7371,23,,,,,,,,,,
EDINBURG CISD,108904,Spring 2025,3,2210,1466,609,28,1601,72,1019,46,420,19,48,1369,24,50,24,50,9,19,2,4,2185,1478,475,22,1710,78,1106,51,540,25,72,S-1285,44,61,28,39,10,14,5,7
EDINBURG CISD,108904,Spring 2025,4,2238,1585,572,26,1666,74,1157,52,599,27,41,1483,22,54,19,46,13,32,2,5,2226,1565,396,18,1830,82,1250,56,591,27,52,S-1381,31,60,21,40,15,29,5,10
EDINBURG CISD,108904,Spring 2025,5,2236,1657,504,23,1732,77,1137,51,508,23,49,1513,29,59,20,41,9,18,2,4,2223,1621,472,21,1751,79,1311,59,747,34,68,S-1440,34,50,34,50,14,21,5,7
EDINBURG CISD,108904,Spring 2025,6,2156,1687,692,32,1464,68,623,29,170,8,,,,,,,,,,,2162,1643,558,26,1604,74,1165,54,610,28,,,,,,,,,,
EDINBURG CISD,108904,Spring 2025,7,2147,1754,982,46,1165,54,718,33,218,10,,,,,,,,,,,2166,1668,597,28,1569,72,1146,53,621,29,,,,,,,,,,
EDINBURG CISD,108904,Spring 2025,8,1863,1840,619,33,1244,67,826,44,237,13,,,,,,,,,,,1742,1680,418,24,1324,76,849,49,319,18,,,,,,,,,,
EDINBURG CISD,108904,Spring 2024,3,2240,1453,604,27,1636,73,927,41,303,14,46,1357,29,63,17,37,7,15,1,2,2226,1461,550,25,1676,75,1054,47,463,21,59,S-1262,41,69,18,31,5,8,2,3
EDINBURG CISD,108904,Spring 2024,4,2183,1590,495,23,1688,77,1176,54,552,25,59,1430,41,69,18,31,6,10,1,2,2167,1572,344,16,1823,84,1200,55,593,27,75,S-1356,51,68,24,32,15,20,6,8
EDINBURG CISD,108904,Spring 2024,5,2224,1649,401,18,1823,82,1152,52,396,18,57,1524,29,51,28,49,12,21,0,0,2209,1611,434,20,1775,80,1175,53,637,29,69,S-1448,29,42,40,58,17,25,4,6
EDINBURG CISD,108904,Spring 2024,6,2139,1692,744,35,1395,65,679,32,167,8,,,,,,,,,,,2145,1642,551,26,1594,74,1178,55,533,25,,,,,,,,,,
EDINBURG CISD,108904,Spring 2024,7,2233,1751,1057,47,1176,53,701,31,239,11,,,,,,,,,,,2244,1661,674,30,1570,70,1129,50,591,26,,,,,,,,,,
EDINBURG CISD,108904,Spring 2024,8,1855,1820,555,30,1300,70,653,35,109,6,,,,,,,,,,,1806,1673,467,26,1339,74,812,45,275,15,,,,,,,,,,
EDINBURG CISD,108904,Spring 2023,3,2151,1465,487,23,1664,77,1033,48,374,17,48,1379,21,44,27,56,10,21,4,8,2132,1456,481,23,1651,77,1041,49,422,20,64,S-1291,40,63,24,38,11,17,5,8
EDINBURG CISD,108904,Spring 2023,4,2185,1573,536,25,1649,75,1153,53,498,23,51,1436,30,59,21,41,6,12,2,4,2175,1535,484,22,1691,78,991,46,468,22,60,S-1354,39,65,21,35,10,17,4,7
EDINBURG CISD,108904,Spring 2023,5,2184,1660,331,15,1853,85,1227,56,466,21,52,1539,25,48,27,52,11,21,4,8,2171,1606,401,18,1770,82,1232,57,627,29,64,S-1414,33,52,31,48,10,16,6,9
EDINBURG CISD,108904,Spring 2023,6,2230,1687,703,32,1527,68,670,30,197,9,,,,,,,,,,,2229,1624,606,27,1623,73,1092,49,434,19,,,,,,,,,,
EDINBURG CISD,108904,Spring 2023,7,2279,1742,1040,46,1239,54,694,30,185,8,,,,,,,,,,,2288,1659,586,26,1702,74,1152,50,587,26,,,,,,,,,,
EDINBURG CISD,108904,Spring 2023,8,2036,1821,574,28,1462,72,745,37,130,6,,,,,,,,,,,1938,1680,404,21,1534,79,965,50,266,14,,,,,,,,,,
EDINBURG CISD,108904,Spring 2022,3,2120,1457,516,24,1604,76,980,46,493,23,35,1353,17,49,18,51,5,14,2,6,2103,1464,439,21,1664,79,1097,52,630,30,46,S-1322,23,50,23,50,9,20,5,11
EDINBURG CISD,108904,Spring 2022,4,2117,1568,488,23,1629,77,1029,49,542,26,39,1432,24,62,15,38,3,8,3,8,2093,1540,412,20,1681,80,1101,53,511,24,55,S-1347,36,65,19,35,7,13,1,2
EDINBURG CISD,108904,Spring 2022,5,2230,1631,423,19,1807,81,1182,53,589,26,43,1519,23,53,20,47,8,19,3,7,2223,1607,399,18,1824,82,1287,58,802,36,50,S-1490,22,44,28,56,14,28,5,10
EDINBURG CISD,108904,Spring 2022,6,2204,1593,729,33,1475,67,646,29,207,9,,,,,,,,,,,2201,1589,683,31,1518,69,964,44,506,23,,,,,,,,,,
EDINBURG CISD,108904,Spring 2022,7,2401,1617,1025,43,1376,57,619,26,266,11,,,,,,,,,,,2392,1672,555,23,1837,77,1225,51,790,33,,,,,,,,,,
EDINBURG CISD,108904,Spring 2022,8,2029,1654,647,32,1382,68,675,33,209,10,,,,,,,,,,,2012,1686,424,21,1588,79,1023,51,579,29,,,,,,,,,,
EDINBURG CISD,108904,Spring 2021,3,1855,1365,941,51,914,49,353,19,154,8,29,1268,24,83,5,17,1,3,0,0,1851,1376,769,42,1082,58,490,26,198,11,33,S-1297,22,67,11,33,6,18,4,12
EDINBURG CISD,108904,Spring 2021,4,1883,1476,1002,53,881,47,433,23,218,12,31,1411,22,71,9,29,1,3,1,3,1872,1464,767,41,1105,59,540,29,227,12,36,S-1384,23,64,13,36,8,22,5,14
EDINBURG CISD,108904,Spring 2021,6,2002,1541,1044,52,958,48,269,13,62,3,,,,,,,,,,,2000,1538,875,44,1125,56,478,24,207,10,,,,,,,,,,
EDINBURG CISD,108904,Spring 2021,7,1978,1575,1178,60,800,40,300,15,98,5,,,,,,,,,,,1962,1608,708,36,1254,64,740,38,370,19,,,,,,,,,,
EDINBURG CISD,108904,Spring 2019,3,2353,1513,294,12,2059,88,1422,60,733,31,19,1382,10,53,9,47,5,26,2,11,2344,1468,439,19,1905,81,1145,49,713,30,29,S-1379,14,48,15,52,10,34,6,21
EDINBURG CISD,108904,Spring 2019,4,2530,1592,428,17,2102,83,1315,52,680,27,21,1454,13,62,8,38,2,10,2,10,2518,1546,425,17,2093,83,1265,50,626,25,32,S-1417,16,50,16,50,7,22,3,9
EDINBURG CISD,108904,Spring 2019,6,2479,1634,558,23,1921,77,1019,41,405,16,,,,,,,,,,,2480,1567,868,35,1612,65,835,34,397,16,,,,,,,,,,
EDINBURG CISD,108904,Spring 2019,7,2435,1667,626,26,1809,74,1029,42,430,18,,,,,,,,,,,2433,1641,692,28,1741,72,1054,43,610,25,,,,,,,,,,
EDINBURG CISD,108904,Spring 2018,3,2519,1515,287,11,2232,89,1452,58,733,29,20,1427,8,40,12,60,6,30,3,15,2509,1455,443,18,2066,82,1098,44,620,25,27,S-1408,7,26,20,74,12,44,5,19
EDINBURG CISD,108904,Spring 2018,4,2488,1606,321,13,2167,87,1486,60,820,33,41,1510,13,32,28,68,12,29,4,10,2477,1536,538,22,1939,78,1232,50,658,27,50,S-1499,14,28,36,72,22,44,8,16
EDINBURG CISD,108904,Spring 2018,6,2477,1626,651,26,1826,74,927,37,366,15,,,,,,,,,,,2479,1569,900,36,1579,64,819,33,393,16,,,,,,,,,,
EDINBURG CISD,108904,Spring 2018,7,2530,1657,749,30,1781,70,933,37,438,17,,,,,,,,,,,2530,1638,814,32,1716,68,1028,41,589,23,,,,,,,,,,
MCALLEN ISD,108906,Spring 2025,3,1223,1487,271,22,952,78,639,52,264,22,29,1395,12,41,17,59,8,28,3,10,1197,1512,202,17,995,83,716,60,378,32,56,S-1351,22,39,34,61,12,21,5,9
MCALLEN ISD,108906,Spring 2025,4,1266,1597,302,24,964,76,673,53,365,29,38,1489,21,55,17,45,9,24,5,13,1248,1600,142,11,1106,89,806,65,409,33,56,S-1433,27,48,29,52,20,36,8,14
MCALLEN ISD,108906,Spring 2025,5,1274,1667,247,19,1027,81,664,52,298,23,29,1554,12,41,17,59,6,21,3,10,1269,1656,206,16,1063,84,851,67,520,41,39,S-1535,12,31,27,69,19,49,6,15
MCALLEN ISD,108906,Spring 2025,6,1122,1721,246,22,876,78,468,42,142,13,,,,,,,,,,,1338,1691,247,18,1091,82,865,65,514,38,,,,,,,,,,
MCALLEN ISD,108906,Spring 2025,7,1436,1830,443,31,993,69,708,49,327,23,,,,,,,,,,,1459,1716,267,18,1192,82,936,64,558,38,,,,,,,,,,
MCALLEN ISD,108906,Spring 2025,8,1325,1939,255,19,1070,81,829,63,423,32,,,,,,,,,,,1440,1757,215,15,1225,85,949,66,560,39,,,,,,,,,,
MCALLEN ISD,108906,Spring 2024,3,1239,1466,308,25,931,75,552,45,178,14,40,1355,24,60,16,40,7,18,2,5,1210,1500,224,19,986,81,703,58,348,29,69,S-1324,35,51,34,49,14,20,9,13
MCALLEN ISD,108906,Spring 2024,4,1234,1580,307,25,927,75,621,50,279,23,50,1469,30,60,20,40,11,22,5,10,1218,1587,172,14,1046,86,719,59,371,30,65,S-1415,34,52,31,48,19,29,9,14
MCALLEN ISD,108906,Spring 2024,5,1263,1668,182,14,1081,86,703,56,277,22,42,1586,12,29,30,71,17,40,0,0,1252,1642,217,17,1035,83,767,61,485,39,57,S-1517,11,19,46,81,23,40,6,11
MCALLEN ISD,108906,Spring 2024,6,1207,1718,291,24,916,76,477,40,112,9,,,,,,,,,,,1448,1683,273,19,1175,81,949,66,507,35,,,,,,,,,,
MCALLEN ISD,108906,Spring 2024,7,1435,1810,498,35,937,65,634,44,273,19,,,,,,,,,,,1465,1704,335,23,1130,77,899,61,547,37,,,,,,,,,,
MCALLEN ISD,108906,Spring 2024,8,1353,1906,251,19,1102,81,758,56,317,23,,,,,,,,,,,1478,1744,224,15,1254,85,926,63,513,35,,,,,,,,,,
MCALLEN ISD,108906,Spring 2023,3,1239,1461,291,23,948,77,579,47,209,17,45,1362,24,53,21,47,7,16,2,4,1190,1477,244,21,946,79,627,53,298,25,91,S-1308,49,54,42,46,21,23,10,11
MCALLEN ISD,108906,Spring 2023,4,1259,1588,298,24,961,76,692,55,348,28,51,1479,28,55,23,45,14,27,2,4,1214,1556,255,21,959,79,643,53,335,28,99,S-1445,40,40,59,60,44,44,23,23
MCALLEN ISD,108906,Spring 2023,5,1392,1672,194,14,1198,86,827,59,337,24,49,1568,16,33,33,67,16,33,4,8,1358,1644,201,15,1157,85,891,66,547,40,89,S-1556,19,21,70,79,49,55,19,21
MCALLEN ISD,108906,Spring 2023,6,1183,1704,310,26,873,74,395,33,112,9,,,,,,,,,,,1456,1655,315,22,1141,78,824,57,374,26,,,,,,,,,,
MCALLEN ISD,108906,Spring 2023,7,1507,1789,520,35,987,65,620,41,243,16,,,,,,,,,,,1472,1697,268,18,1204,82,877,60,492,33,,,,,,,,,,
MCALLEN ISD,108906,Spring 2023,8,1428,1899,272,19,1156,81,777,54,350,25,,,,,,,,,,,1544,1740,207,13,1337,87,972,63,526,34,,,,,,,,,,
MCALLEN ISD,108906,Spring 2022,3,1271,1453,333,26,938,74,588,46,293,23,40,1402,17,43,23,58,15,38,6,15,1212,1480,217,18,995,82,689,57,425,35,98,S-1368,40,41,58,59,32,33,13,13
MCALLEN ISD,108906,Spring 2022,4,1358,1585,310,23,1048,77,716,53,419,31,40,1490,20,50,20,50,12,30,6,15,1318,1559,254,19,1064,81,776,59,407,31,80,S-1481,30,38,50,63,33,41,19,24
MCALLEN ISD,108906,Spring 2022,5,1440,1647,225,16,1215,84,789,55,438,30,44,1534,18,41,26,59,9,20,4,9,1381,1634,204,15,1177,85,914,66,597,43,102,S-1523,30,29,72,71,35,34,12,12
MCALLEN ISD,108906,Spring 2022,6,1216,1596,361,30,855,70,369,30,89,7,,,,,,,,,,,1475,1604,394,27,1081,73,684,46,376,25,,,,,,,,,,
MCALLEN ISD,108906,Spring 2022,7,1523,1648,561,37,962,63,549,36,265,17,,,,,,,,,,,1542,1709,273,18,1269,82,955,62,663,43,,,,,,,,,,
MCALLEN ISD,108906,Spring 2022,8,1282,1731,276,22,1006,78,656,51,332,26,,,,,,,,,,,1519,1741,192,13,1327,87,995,66,700,46,,,,,,,,,,
MCALLEN ISD,108906,Spring 2021,3,738,1396,309,42,429,58,210,28,91,12,14,1309,9,64,5,36,1,7,0,0,668,1400,232,35,436,65,220,33,117,18,67,S-1356,30,45,37,55,19,28,13,19
MCALLEN ISD,108906,Spring 2021,4,725,1522,308,42,417,58,255,35,156,22,21,1413,15,71,6,29,2,10,2,10,661,1498,211,32,450,68,269,41,125,19,67,S-1408,34,51,33,49,12,18,8,12
MCALLEN ISD,108906,Spring 2021,6,611,1545,301,49,310,51,94,15,14,2,,,,,,,,,,,770,1551,325,42,445,58,231,30,113,15,,,,,,,,,,
MCALLEN ISD,108906,Spring 2021,7,634,1616,295,47,339,53,159,25,67,11,,,,,,,,,,,669,1634,209,31,460,69,292,44,181,27,,,,,,,,,,
MCALLEN ISD,108906,Spring 2019,3,1438,1487,275,19,1163,81,737,51,363,25,27,1416,9,33,18,67,9,33,4,15,1336,1455,278,21,1058,79,616,46,380,28,130,S-1384,45,35,85,65,49,38,20,15
MCALLEN ISD,108906,Spring 2019,4,1577,1587,345,22,1232,78,781,50,452,29,39,1491,18,46,21,54,5,13,2,5,1478,1544,306,21,1172,79,710,48,391,26,138,S-1495,42,30,96,70,49,36,20,14
MCALLEN ISD,108906,Spring 2019,6,1267,1619,292,23,975,77,472,37,155,12,,,,,,,,,,,1710,1588,535,31,1175,69,674,39,362,21,,,,,,,,,,
MCALLEN ISD,108906,Spring 2019,7,1999,1715,368,18,1631,82,1120,56,576,29,,,,,,,,,,,1722,1663,411,24,1311,76,875,51,534,31,,,,,,,,,,
MCALLEN ISD,108906,Spring 2018,3,1568,1484,314,20,1254,80,791,50,389,25,48,1416,15,31,33,69,12,25,5,10,1431,1444,326,23,1105,77,605,42,362,25,185,S-1412,48,26,137,74,82,44,40,22
MCALLEN ISD,108906,Spring 2018,4,1606,1588,301,19,1305,81,831,52,486,30,44,1502,18,41,26,59,13,30,6,14,1547,1530,398,26,1149,74,729,47,398,26,102,S-1478,38,37,64,63,38,37,19,19
MCALLEN ISD,108906,Spring 2018,6,1796,1667,357,20,1439,80,892,50,425,24,,,,,,,,,,,1791,1578,586,33,1205,67,678,38,329,18,,,,,,,,,,
MCALLEN ISD,108906,Spring 2018,7,1485,1673,360,24,1125,76,641,43,306,21,,,,,,,,,,,1611,1667,417,26,1194,74,800,50,485,30,,,,,,,,,,
